{"cameraMode":{"drawMode":0,"name":"Shaded","section":"Shading Mode"},"sceneLighting":true,"audioPlay":false,"sceneViewState":{"m_AlwaysRefresh":false,"showFog":true,"showSkybox":true,"showFlares":true,"showImageEffects":true,"showParticleSystems":true,"showVisualEffectGraphs":true,"m_FxEnabled":true},"in2DMode":false,"pivot":{"x":810.1043090820313,"y":329.7926025390625,"z":-28.960205078125},"rotation":{"x":0.02218731865286827,"y":0.013094072230160237,"z":0.0002903965360019356,"w":-0.9997066855430603},"size":449.76214599609377,"orthographic":false}